{"05_CoO2": {"integral": 1.2746772792152938, "max": 1.7719647189612715}, "09_GaO2": {"integral": 0.03713056599936564, "max": 0.292712039100313}, "03_ReO2": {"integral": 2.44179285060196, "max": 2.728884300473725}, "09_InO2": {"integral": 0.055120609466652634, "max": 0.3649837644164802}, "02_MoO2": {"integral": 2.4381047603488226, "max": 2.5721202621528265}, "06_PdO2": {"integral": 1.279053634859894, "max": 2.0120811208061173}, "07_AgO2": {"integral": 0.8676037598468085, "max": 1.4936074054819017}, "05_RhO2": {"integral": 1.6545187698360073, "max": 2.2904816303039004}, "02_CrO2": {"integral": 1.6212029654359323, "max": 1.818114714842514}, "20_YO2": {"integral": -0.9075223026231143, "max": 3.2744031579592736}, "04_FeO2": {"integral": 0.8539954841350043, "max": 1.2520835080941521}, "02_WO2": {"integral": 2.5648786033687334, "max": 2.7151872105575916}, "03_MnO2": {"integral": 1.16871524878433, "max": 1.5033676866662806}, "08_HgO2": {"integral": 0.030157367816259124, "max": 0.25102422049320317}, "01_VO2": {"integral": 1.7124193873151687, "max": 1.7813084027242958}, "01_NbO2": {"integral": 2.4097015634677668, "max": 2.4902375205920944}, "04_RuO2": {"integral": 2.0461462167861044, "max": 2.4580695413170894}, "06_PtO2": {"integral": 1.4861895031313184, "max": 2.3495102218948745}, "05_IrO2": {"integral": 1.8664616369510292, "max": 2.5926896015102745}, "04_OsO2": {"integral": 2.2608187253978613, "max": 2.653559430275708}, "07_CuO2": {"integral": 0.507070413465968, "max": 1.0246633313585247}, "01_TaO2": {"integral": 2.5397714791496457, "max": 2.6312525070006}, "20_LaO2": {"integral": -0.35243082464882436, "max": 2.103303799224096}, "00_HfO2": {"integral": 2.2453838692991677, "max": 2.40992113428275}, "10_PbO2": {"integral": 0.032456162350081696, "max": 0.33342584224135835}, "08_CdO2": {"integral": 0.15439406789862392, "max": 0.6145479997996106}, "06_NiO2": {"integral": 0.958922930901309, "max": 1.597670036185666}, "20_ScO2": {"integral": -4.465649400565947, "max": 4.739141298908796}, "10_GeO2": {"integral": 0.007092094548070818, "max": 0.12157847892506493}, "07_AuO2": {"integral": 1.1382658410010473, "max": 2.0489873363258755}, "09_TlO2": {"integral": 0.1253279332672401, "max": 0.5105223555246751}, "00_ZrO2": {"integral": 2.042121211719761, "max": 2.1154287303160806}, "03_TcO2": {"integral": 2.3588915396322783, "max": 2.6089692687005197}, "00_TiO2": {"integral": 1.5550339474162869, "max": 1.620989173589877}, "10_SnO2": {"integral": 0.016552610166012532, "max": 0.22832744092498503}, "08_ZnO2": {"integral": 0.14265399876675636, "max": 0.5112601249082251}}