d_metal_H	d_E
1.559	0
2	0.144562
2.5	1.369048
3	2.351511
3.5	2.903476
4	3.184793
6	3.473159
8	3.4992
10	3.507475

